CREATE DATABASE  IF NOT EXISTS `floresdebach` /*!40100 DEFAULT CHARACTER SET utf8 */;
USE `floresdebach`;
-- MySQL dump 10.13  Distrib 5.7.12, for Win64 (x86_64)
--
-- Host: localhost    Database: floresdebach
-- ------------------------------------------------------
-- Server version	5.7.17-log

/*!40101 SET @OLD_CHARACTER_SET_CLIENT=@@CHARACTER_SET_CLIENT */;
/*!40101 SET @OLD_CHARACTER_SET_RESULTS=@@CHARACTER_SET_RESULTS */;
/*!40101 SET @OLD_COLLATION_CONNECTION=@@COLLATION_CONNECTION */;
/*!40101 SET NAMES utf8 */;
/*!40103 SET @OLD_TIME_ZONE=@@TIME_ZONE */;
/*!40103 SET TIME_ZONE='+00:00' */;
/*!40014 SET @OLD_UNIQUE_CHECKS=@@UNIQUE_CHECKS, UNIQUE_CHECKS=0 */;
/*!40014 SET @OLD_FOREIGN_KEY_CHECKS=@@FOREIGN_KEY_CHECKS, FOREIGN_KEY_CHECKS=0 */;
/*!40101 SET @OLD_SQL_MODE=@@SQL_MODE, SQL_MODE='NO_AUTO_VALUE_ON_ZERO' */;
/*!40111 SET @OLD_SQL_NOTES=@@SQL_NOTES, SQL_NOTES=0 */;

GRANT  SELECT,ALTER,UPDATE,INSERT,LOCK TABLES ON floresdebach.* TO 'usuario'@'localhost' IDENTIFIED BY 'mipass';

--
-- Table structure for table `cuestionario`
--

DROP TABLE IF EXISTS `cuestionario`;
/*!40101 SET @saved_cs_client     = @@character_set_client */;
/*!40101 SET character_set_client = utf8 */;
CREATE TABLE `cuestionario` (
  `IDCuestionario` int(11) NOT NULL AUTO_INCREMENT,
  `DescripcionCuestionario` varchar(1000) DEFAULT NULL,
  `NumCuestionario` int(11) NOT NULL,
  PRIMARY KEY (`IDCuestionario`)
) ENGINE=InnoDB AUTO_INCREMENT=4 DEFAULT CHARSET=utf8;
/*!40101 SET character_set_client = @saved_cs_client */;

--
-- Dumping data for table `cuestionario`
--

LOCK TABLES `cuestionario` WRITE;
/*!40000 ALTER TABLE `cuestionario` DISABLE KEYS */;
INSERT INTO `cuestionario` VALUES (1,'El siguiente cuestionario de autoayuda ha sido desarrollado a partir de los escritos originales del Dr. Bach',1),(2,'El Dr. Bach organizó su sistema floral en 7 grupos emocionales, de los cuales el primer grupo de esencias es el de: ‘’remedios para los que sienten temor’’ al cual hacemos referencia en esta ocasión presentando las esencias que lo componen y definen.\nEl siguiente cuestionario le permitirá tener una orientación acerca de la esencia floral que está más acorde con el tipo de temor ó miedo que usted pueda experimentar.\nLea y conteste cada una de las preguntas cuidadosamente. Después de contestar el cuestionario, mire las respuestas al pie de página y lea las instrucciones adicionales.\nMarque la respuesta como válida si es un Sí definitivo. Si su respuesta es no ó a veces deje la respuesta en blanco y no la considere.',2),(3,'Este formulario está diseñado para datos importantes de documentos centrales para la terapia de las esencias florales. Es mejor si el cliente completa este formulario en su propia escritura. Si esto no es posible, el terapeuta puede utilizar un formato de entrevista para recopilar la información.',3);
/*!40000 ALTER TABLE `cuestionario` ENABLE KEYS */;
UNLOCK TABLES;

--
-- Table structure for table `flor`
--

DROP TABLE IF EXISTS `flor`;
/*!40101 SET @saved_cs_client     = @@character_set_client */;
/*!40101 SET character_set_client = utf8 */;
CREATE TABLE `flor` (
  `IDFlor` int(11) NOT NULL AUTO_INCREMENT,
  `NombreFlor` varchar(20) NOT NULL,
  `DescripcionFlor` varchar(2000) NOT NULL,
  PRIMARY KEY (`IDFlor`)
) ENGINE=InnoDB AUTO_INCREMENT=40 DEFAULT CHARSET=utf8;
/*!40101 SET character_set_client = @saved_cs_client */;

--
-- Dumping data for table `flor`
--

LOCK TABLES `flor` WRITE;
/*!40000 ALTER TABLE `flor` DISABLE KEYS */;
INSERT INTO `flor` VALUES (1,'Agrimonia','Oculta emociones tortuosas, problemas graves, angustia inconsciente tras una máscara de alegría y despreocupación permanentes. Evita discusiones y busca armonía. Tendencia a las adicciones como el tabaco, drogas, alcohol, juego, trabajo, asumir riesgos, comida, compras, etc., como un mecanismo de escape a su tormento mental. Busca y necesita ser aceptado. Si se enferma bromea al respecto. Para personas que no expresan su verdadera preocupación, que se presentan alegres ante los demás. No solo mienten a los demás sino también a sí mismo. No les gustan los enfrentamientos.  Ponen al mal tiempo buena cara.'),(2,'Alamo Temblón','Miedo a lo sobrenatural, a lo desconocido o incierto, a situaciones imprecisas que siente que lo amenazan y a la muerte. Presagios. Temor vago e inexplicable. Agorafobia, claustrofobia.\nEsta esencia está indicada para personas que padecen presentimientos desagradables o temores inesperados, con sensaciones de desasosiego generalizado.\nPara el tratamiento básico en caso de: angustia, miedo generalizado o sin ninguna explicación, pánico interior, presentimientos desagradables, miedos indefinidos, imaginaciones angustiosas.\nTrata aquellos trastornos patológicos que van acompañados o son causados por presentimientos de temor o por miedos inexplicables. Recomendada para miedos y ansiedades de origen desconocido.  No sabes identificar muy bien a que se debe tu miedo\n'),(3,'Haya','Tiende a ser intolerante y a criticar despiadadamente. Juzga sin sensibilidad, ni comprensión. Arrincona a las personas. No soporta las ideas y costumbres diferentes a las suyas. Es arrogante. Depresión Reactiva. Esta flor de Bach está indicada para personas intolerantes y críticas. Son individuos que no soportan los errores de los demás. Se sienten superiores, suelen ser arrogantes. Les irritan las personas que utilizan muletillas en el lenguaje.\nBeech ayuda a aceptar a las personas, a ver su belleza, se vuelve tolerante.\n'),(4,'Centaurea','No puede decir no.  Reacciona exageradamente a los deseos de los demás, buscando complacerlos. Sacrifica sus propias necesidades para quedar bien con los demás. Su predisposición a servir es explotada por las personas. Se presta al dominio y abuso de otros. Su voluntad es débil. Sometimiento y complacencia a los demás. Se aconseja tomarla a personas dóciles, calladas, personas que no saben decir no a nada. Siempre quieren agradar a los demás. Tienen poca fuerza de voluntad. Se dejan influenciar por los demás, son débiles y sumisas.\n'),(5,'Ceratostigma','Busca la aprobación y el consejo de los demás pues no confía en su juicio, intuición, ni en sus decisiones y opiniones. Sus convicciones no son firmes. Cambia fácilmente de opinión. Es indeciso. Es para personas inseguras e indecisas. Personas que no confían en sus propias decisiones. Prefieren pedir opinión a los demás, aunque ellos estén capacitados para solucionar su problema. Se dejan influenciar por los demás y son muy manipulables.'),(6,'Cerasifera','Miedo a perder el control en sus actos, a cometer acciones terribles y a enloquecer. Pensamientos irracionales persistentes. Arrebatos incontrolables.\nEste remedio floral está relacionado con la sensación de miedo de perder el control, miedo de hacer cosas terribles.\nPara el tratamiento básico en caso de: exceso de presión psíquica o emocional, sentimientos desbordantes o de difícil control.\nEsta esencia resulta de mucha utilidad en los casos en donde la persona se da cuenta de que el control de su razón se ve amenazada con perderse con motivo de una vivencia con una enorme carga emocional, que ya no puede dominar sus sentimientos o que podría hacer algo que realmente no quiere y de lo que más tarde se arrepentiría. \nEsta flor de Bach la utilizaremos cuando haya miedo a perder la razón o el control, cuando se está al borde de una crisis nerviosa. Es especialmente recomendado en casos muy extremos en que la persona puede matarse o matar a otro, aunque en este caso lo mejor es ir a un buen terapeuta.\nTambién se recomienda en casos de furia, en casos de bulimia y anorexia que no pueden controlarse.\nPuede controlar el crecimiento de enfermedades.'),(7,'Brote de Castaño','Repite sus errores, porque no reflexiona sobre ellos, ni aprende de sus experiencias. Reincide. No escarmienta. Esta flor de Bach se recomienda a personas que siempre cometen los mismos errores, que les cuesta aprender la lección. Son inmaduros cuando se les presenta un problema.\nEl Dr. Bach hizo el siguiente escrito para describir el potencial positivo de esta flor: “Este remedio nos ayuda a aprovechar plenamente nuestras experiencias cotidianas, vernos a nosotros mismos y nuestros errores tal como lo hacen los demás.”'),(8,'Achicoria','Sobreprotege a sus seres queridos y los domina mediante una manipulación excesiva. Considera saber más que sus dependientes. Tiene una personalidad posesiva y egoísta. Se inmiscuye en los asuntos de los demás continuamente. Espera la devoción de los que sobreprotege y cuando no la obtiene se siente víctima. Después los persigue criticando. Posesividad, manipulación, demanda de agradecimiento y sumisión. Se recomienda a personas egoístas, déspotas y posesivas. Les gusta controlar a sus personas más cercanas.\nTambién se aconseja para los niños a los que les gusta llamar la atención y que normalmente son intolerantes.\n'),(9,'Clemátide','Soñador que evade la realidad. Su pensamiento es disperso. Difícilmente  está en el aquí y en el ahora. Distraído, presta poca atención a lo que sucede a su alrededor. Vive en un mundo de fantasía, como un mecanismo de escape a su infelicidad. Esta flor de Bach está recomendada para personas que se distraen fácilmente, que no ponen atención, que sueñan despiertas.\nEs ideal para niños que no se concentran en sus estudios.\nSon personas que no parecen tener interés en el mundo real, están ensimismados en su mundo.\n'),(10,'Manzano Silvestre','Flor de la limpieza para quien tiene la sensación de estar sucio o ser impuro. Baja autoestima y terror a contaminarse. Limpiadores compulsivos. Esta flor de Bach se aconseja a personas que se sienten impuras, se avergüenzan de su imperfección y falta de orden. Se preocupan más por cosas triviales que por una grave enfermedad.\nEstán muy pendiente de la limpieza, bien sea de la casa, de sus manos.\nCrab Apple se recomienda cuando la persona no se gusta, siente asco de sí misma.\n'),(11,'Olmo','Abrumado por sus responsabilidades. Cree o tiene exceso de responsabilidad. Piensa que no es capaz de cumplirlas. Este remedio es para personas que suelen ser fuertes pero a veces los sobreesfuerzos la sobrepasan, se sienten agobiadas por la situación.\nTeme no estar a la altura de las circunstancias, de no poder cumplir con sus ideales y esto la lleva a deprimirse.\n'),(12,'Genciana de Campo','Pesimismo, Depresión por causas conocidas. Escepticismo. Control débil ante la frustración. Fácil desánimo ante los obstáculos. Abandono de sí mismo. Esta flor es sobre todo para personas que tienen dudas, que están desanimadas, y que se sienten deprimidas por una causa conocida.\nCualquier dificultad los desalienta.\nA esta flor se la relación con la fe.\nEste remedio ayuda a superar las dificultades, a dominarlas, a superar los conflictos.\n'),(13,'Aulaga','Desesperado. Sin ninguna esperanza. Siente que ya no tiene caso nada. Perdida de fe y optimismo. Gorse es la flor de Bach que necesita la gente que ha perdido la esperanza.\nEsta flor de Bach da optimismo a quienes han abandonado la lucha en momentos de gran desesperación, como en casos de estados terminales, sin esperanza.\n'),(14,'Brezo','Ensimismado. Centrado en sí mismo. Necesita público que lo escuche. Habla excesivamente pero no escucha. La flor de Bach Heather se recomienda a personas que hablan mucho de sus problemas; ellos son el centro de la conversación, no dejan hablar a los demás. Son hipocondriacos, se centran en sí mismos, sóllo se preocupan por ellos mismos. No le gusta estar en soledad, siempre necesita compañía. Debido a sus temas monotemáticos y aburridos todos le huyen.\nAl tomar Heather aprendes a escuchar, a dialogar y a enfrentar el miedo a la soledad.\n'),(15,'Acebo','Celos, desconfianza, envidia, odio y rencor. Carece de compasión. Para quienes necesitan amor. Sienten desprecio, insatisfacción, deseo de venganza y de dañar. Las personas Holly son crueles, disfrutan con el sufrimiento ajeno. Las palabras que podrían identificar a estas personas son los celos, el odio y la envidia. Sufren mucho por dentro. Esta flor es ideal para los niños que sienten celos de sus hermanos.\n'),(16,'Madreselva','No vive el presente. Nostalgia, añoranza del pasado y de los buenos tiempos. Lo mejor de la vida ya paso. Es el remedio de los nostálgicos, que viven en el pasado, recuerdan a sus seres queridos perdidos, no dan importancia al presente ni al futuro.\nEs la flor de los conservadores. Siempre viven de los recuerdos.\nEsta flor proporciona la recuperación del presente y el seguir evolucionando.\n'),(17,'Hojarazo','Agotamiento mental por hastío. Esta flor de Bach se utiliza en personas con cansancio mental y físico, pero sobre todo para las que tienen cansancio físico.\nSon personas que al despertar se sienten cansadas, no se encuentran con fuerzas para desarrollar sus tareas diarias, tienen falta de ánimo, de interés.\nNecesitan un estimulante para enfrentarse al nuevo día, bien sea café, vitaminas, etc.\n'),(18,'Impaciencia','Soledad de quien no puede estar acompañado porque marcha de prisa. Irritabilidad.   Según la doctora Stern esta flor de Bach actúa más sobre lo físico que sobre lo mental.\nTodo lo hacen muy rápido, les irritan las personas lentas. No son tolerantes con los demás.\nCuando se ponen enfermos quieren que todo se solucione rápidamente.\nLa persona que toma Impatiens se relaja, sin embargo, su actividad mental sigue trabajando.\nEsta flor de Bach es aconsejable en personas que se irritan con facilidad.\n'),(19,'Alerce','Sentimiento de inferioridad. Espera fracasar. Incapacidad, autoanulación.  La flor de Bach Larch la deben tomar personas que no tienen confianza en sí mismas.\nEsa falta de confianza las hace sentirse inferiores a los demás y esto le llega a deprimir.\nNo se creen capaces de encontrar un buen trabajo y creen que fracasaran en todo.\n'),(20,'Mimulo','Miedo a lo desconocido. A situaciones concretas, definibles y  cotidianas. Timidez. Introvertido.\nEsta esencia está indicada para personas que a veces tienen miedo o están temerosos de modo general. \nPara el tratamiento básico en caso de: tendencia a asustarse con demasiada rapidez o en exceso. En todos los trastornos patológicos que van acompañados o son causados por temor o miedo a cosas concretas, tangibles.\nLas típicas personas mímulus siempre están temiendo algo por eso su vida se encuentra muy limitada. Esta esencia ayuda a tratar los miedos reales, estimula la capacidad de evaluar correcta y racionalmente los peligros. Ayuda muy eficazmente a las personas tímidas, en general se administra como tratamiento adicional siempre que una enfermedad esté causada o intensificada por el miedo. \nAconsejada a personas con miedo a cosas conocidas. Miedos identificados, reales y tangibles. \n'),(21,'Mostaza','Depresión, tristezas de causas desconocidas que aparecen y desaparecen sin motivo. Melancolía. “Las hojas de mostaza tienen la virtud de renovar el espíritu, eliminar la melancolía y aclarar la mente”.\nEsta flor se utiliza para la tristeza profunda sin causa conocida, como si una nube profunda nos cayese, una nube profunda y negra. La mostaza nos da claridad y seguridad.\nTambién es recomendada cuando hay desequilibrios emocionales profundos.\nDurante la menopausia ayuda a regular las hormonas y a atenuar los sofocones.\n'),(22,'Roble','Lucha desesperadamente contra la corriente sin descanso. Dedicación obsesiva al trabajo. Excesivo sentido del deber, altruismo sin medida. Las personas que necesitan esta flor de Bach jamás se rinden, son fuertes, valientes, concienzudas, nunca pierden la esperanza. Nunca dejan ver a los demás su cansancio y debilidad. Cuando se jubilan o pierden el trabajo se deprimen'),(23,'Olivo','Agotamiento total físico y mental. Esta flor de Bach se utiliza para el cansancio, para el agotamiento de la mente y del cuerpo, sobre todo cuando este agotamiento va acompañado de sufrimiento (estrés, mucho trabajo, etc.). La persona que necesita esta flor tiene siempre mucho sueño, necesita dormir mucho.\nCuando se toma esta flor proporciona energía, fuerza y vitalidad para seguir luchando.\n'),(24,'Pino','Desesperación por sentimiento de culpa y autoreproche. Arrepentimiento excesivo. Autoacusación. Las personas en estado Pine tienen problemas consigo mismos, no como en estado Larch que tiene problemas con el mundo.\nSuelen ser personas obsesivas y masoquistas.\nSon muy humildes y por eso siempre se disculpan ante los demás. Cuando caen enfermas piensan que es porque se lo merecen.\n'),(25,'Castaño Rojo','Miedo a que suceda algún daño a los seres queridos. Excesiva preocupación por ellos.\nActúa muy eficazmente en las personas que sienten miedo excesivo por los demás.\nMuchas personas con falta de confianza en ellas mismas proyectan sus miedos, sus angustias y muestran una preocupación extrema por los demás, preferentemente sus seres queridos.\nPara el tratamiento básico de: preocupación enfermiza, compasión opresiva, exceso de atención hacia los demás. Es otra de las flores de Bach que actúan en casos de miedo, sobre todo miedo por los familiares y amigos, miedo a que les ocurra alguna desgracia. No pueden evitar su preocupación por los problemas de los demás y temen lo peor para ellos (familiares y amigos).\n'),(26,'Heliantemo','Pánico y terror paralizante. Estados de angustia agudos. Pesadillas.\nEsta esencia floral está indicada para las situaciones de pánico o de shock emocional.\nProporciona tranquilidad, es de mucha utilidad en caso de accidentes o ante hechos violentos repentinos, ya que actúa sobre el bloqueo producido, ya sea psíquico o físico, y restaura la coordinación normal de las funciones mentales y vegetativas.\nEstá especialmente indicado para aquellas personas con tendencia al pánico, habilidad psíquica y miedo latente a la vida.\nEs una de las esencias que componen el remedio de rescate o urgencia del sistema Bach. Esta flor forma parte del Rescue Remedy (remedio rescate o remedio urgente) y por ello es muy importante. La flor de Bach Rock Rose se utiliza en situaciones de pánico y fobias extremas.\nTambién se recomienda esta flor de Bach en situaciones de estrés y para personas que tienen pesadillas, cuando se debe a un peligro como tener un accidente o haber estado a punto de tenerlo, también ante una catástrofe natural.\n'),(27,'Agua de Roca','Perfeccionismo. Severidad, Rigidez consigo mismo.\nEs el único remedio que no pertenece al mundo vegetal, sino al agua pura de manantial.\nLos que necesitan tomar esta flor se Bach son personas que se reprimen, que quieren ser perfectas, y que a su vez quieren ser un modelo a seguir por los demás. Son seres disciplinados y estrictos. Comen solo para vivir, poca cantidad y sano.'),(28,'Scleranthus','Indecisión entre dos extremos opuestos. Inestabilidad, ambivalencia. Es la flor de la indecisión, de la duda, les resulta difícil tomar decisiones, sobre todo cuando se les presenta elegir entre dos posibilidades.\nEs de gran ayuda en personas con problemas de equilibrio, y también para las que sufren mareos al viajar.\nEsta flor proporciona equilibrio, certidumbre y decisión.\n'),(29,'Estrella de Belén','Secuelas de traumatismos físicos y mentales. Impacto psicológico. También llamada Estrella de Belén, se relaciona con la estrella de David.\nSe recomienda a personas que se encuentran en estado de Shock, bien sea mental o físico.\nEl estado de Shock lo puede desencadenar un accidente, el recibir una mala noticia, un susto, etc.\nAl tomar esta flor de Bach recibes consuelo y alivio. Actúa como sellador en los estados de Shock. Es una de las flores que forman parte del Remedio Rescate (Rescue Remedy).\n'),(30,'Castaño Dulce','Desesperación profunda. Sienten que han llegado al límite del sufrimiento. Angustia. Sufrimiento extremo. Cuando la angustia de la persona es extrema se aconseja esta flor de Bach, cuando se siente al límite de su resistencia.\nEl Dr. Bach la describió como:\n“La desesperación extrema de aquellos que han llegado al límite de su resistencia”.\nPara la persona en estado de bloqueo cada minuto es una eternidad. Ha perdido la esperanza por completo.\nSiente que Dios le ha abandonado.\nPero cuando toma esta flor de Bach se siente de vuelta a la vida.\n'),(31,'Verbena','Fanatismo. No comparte la carga. Fortaleza excesiva. Exceso de entusiasmo.\nLos que la necesitan son personas excesivamente entusiastas. Este remedio es aconsejado a vendedores y profesores.\nA veces tienden hacia el fanatismo y la exageración para intentar convencer a los demás.\nCuando tienen un proyecto entre manos, no se relajan, a veces no duermen, no comen.\nSon personas audaces y creativas.\n'),(32,'Vid','Avidez por el poder. Dominador. “Pequeño Tirano”. Inflexibilidad. \nSe sienten superiores a los demás, son dominantes, imponen su voluntad. Su inflexibilidad le puede llevar a padecer dolores musculares. Son crueles, ordenan sin dar explicaciones pues siempre se creen en poder de la razón.\nEn estado positivo ayudan a los demás, son personas sabias y a la vez comprensivas y cariñosas.\n'),(33,'Nogal','Indecisión para iniciar nuevas etapas o manejar situaciones difíciles. Inconstancia. Es necesario su tratamiento en procesos de adaptación, en cambios que se presentan en la vida, como mudanzas divorcios, jubilación y menopausia.\nTambién para personas que trabajan en tareas en las que no se sienten realizados. Aumenta la adaptación a lo nuevo.\n'),(34,'Violeta de Agua','Soledad de los orgullosos. Distanciamiento por sentimiento de superioridad. Reserva y distancia afectiva. Las personas que necesitan esta flor de Bach son orgullosas y reservadas viven en una torre de cristal. No sirven para trabajar en equipo. Son autosuficientes. A veces su orgullo les hace sentirse aislados. Hablan poco y no les gusta comunicarse con los demás.\n'),(35,'Castaño Blanco','Rumiación torturante de ideas. Diálogos internos. Congestión mental. Los pacientes que necesitan esta flor de Bach se sienten inquietos, su preocupación les debilita el ánimo.\nNo se concentran por estar siempre con los mismos pensamientos.\nReviven continuamente en su mente momentos pasados que han sido desagradables. Dan vueltas sobre las mismas cosas, se les suele decir que parece un disco rayado.\nTomar esta flor de Bach proporciona claridad mental, paz y sosiego.\n'),(36,'Avena Silvestre','Falta de metas. Descontento e incertidumbre por desconocer la misión de la vida. Insatisfacción. Desorientación. Búsqueda de propósito. Se recomienda a personas indecisas que no saben qué dirección tomar. Personas que tienen mucho talento pero no saben qué hacer. Se sienten insatisfechos por no encontrar su misión en esta vida, por no encontrar una meta.\n'),(37,'Rosa Silvestre','Desinterés, apatía, resignación, capitulación. Falta de motivación. Existencia monótona, apatía sin tristeza aparente. Esta flor la necesitan las personas apáticas, las personas muy pasivas, las personas a las que les falta pasión.\nSon seres que se resignan fácilmente ante situaciones desfavorables.\nSon personas débiles o que han pasado algún trauma o depresión. Han perdido la alegría de vivir.\nWild Rose proporciona energía, interés en la vida y en el trabajo. Sentimiento de libertad.\n'),(38,'Sauce','Se siente víctima del destino. Resentimientos. Amargura, queja, autocompasión. \nLa persona que necesita tomar la flor de Bach Wilow se queja amargamente, tiene mucho resentimiento y se compadece de sí mismo. La culpa de las circunstancias siempre la tienen los demás. Envidia la fortuna de los demás. Esta flor nos proporciona el saber perdonar, nos convierte en personas positivas y nos ayuda a asumir nuestra culpa en vez de adjudicársela a los demás.\n');
/*!40000 ALTER TABLE `flor` ENABLE KEYS */;
UNLOCK TABLES;

--
-- Table structure for table `flor_receta`
--

DROP TABLE IF EXISTS `flor_receta`;
/*!40101 SET @saved_cs_client     = @@character_set_client */;
/*!40101 SET character_set_client = utf8 */;
CREATE TABLE `flor_receta` (
  `Dosis` int(11) NOT NULL,
  `IDFlor` int(11) NOT NULL,
  `IDReceta` int(11) NOT NULL,
  PRIMARY KEY (`IDFlor`,`IDReceta`),
  KEY `IDReceta` (`IDReceta`),
  CONSTRAINT `flor_receta_ibfk_1` FOREIGN KEY (`IDFlor`) REFERENCES `flor` (`IDFlor`),
  CONSTRAINT `flor_receta_ibfk_2` FOREIGN KEY (`IDReceta`) REFERENCES `receta` (`IDReceta`)
) ENGINE=InnoDB DEFAULT CHARSET=utf8;
/*!40101 SET character_set_client = @saved_cs_client */;

--
-- Dumping data for table `flor_receta`
--

LOCK TABLES `flor_receta` WRITE;
/*!40000 ALTER TABLE `flor_receta` DISABLE KEYS */;
/*!40000 ALTER TABLE `flor_receta` ENABLE KEYS */;
UNLOCK TABLES;

--
-- Table structure for table `paciente`
--

DROP TABLE IF EXISTS `paciente`;
/*!40101 SET @saved_cs_client     = @@character_set_client */;
/*!40101 SET character_set_client = utf8 */;
CREATE TABLE `paciente` (
  `IDPaciente` int(11) NOT NULL AUTO_INCREMENT,
  `NombrePaciente` varchar(60) NOT NULL,
  `Sexo` varchar(10) NOT NULL,
  `Mail` varchar(60) NOT NULL,
  `Telefono` varchar(10) NOT NULL,
  `Direccion` varchar(100) NOT NULL,
  `Edad` int(11) NOT NULL,
  `DescripcionPaciente` varchar(1000) DEFAULT NULL,
  `IDTerapeuta` int(11) DEFAULT NULL,
  PRIMARY KEY (`IDPaciente`),
  KEY `IDTerapeuta` (`IDTerapeuta`),
  CONSTRAINT `paciente_ibfk_1` FOREIGN KEY (`IDTerapeuta`) REFERENCES `terapeuta` (`IDTerapeuta`) ON DELETE SET NULL ON UPDATE SET NULL
) ENGINE=InnoDB DEFAULT CHARSET=utf8;
/*!40101 SET character_set_client = @saved_cs_client */;

--
-- Dumping data for table `paciente`
--

LOCK TABLES `paciente` WRITE;
/*!40000 ALTER TABLE `paciente` DISABLE KEYS */;
/*!40000 ALTER TABLE `paciente` ENABLE KEYS */;
UNLOCK TABLES;

--
-- Table structure for table `paciente_respuesta`
--

DROP TABLE IF EXISTS `paciente_respuesta`;
/*!40101 SET @saved_cs_client     = @@character_set_client */;
/*!40101 SET character_set_client = utf8 */;
CREATE TABLE `paciente_respuesta` (
  `IDPaciente` int(11) NOT NULL,
  `IDRespuesta` int(11) NOT NULL,
  PRIMARY KEY (`IDPaciente`,`IDRespuesta`),
  KEY `IDRespuesta` (`IDRespuesta`),
  CONSTRAINT `paciente_respuesta_ibfk_1` FOREIGN KEY (`IDPaciente`) REFERENCES `paciente` (`IDPaciente`),
  CONSTRAINT `paciente_respuesta_ibfk_2` FOREIGN KEY (`IDRespuesta`) REFERENCES `respuesta` (`IDRespuesta`)
) ENGINE=InnoDB DEFAULT CHARSET=utf8;
/*!40101 SET character_set_client = @saved_cs_client */;

--
-- Dumping data for table `paciente_respuesta`
--

LOCK TABLES `paciente_respuesta` WRITE;
/*!40000 ALTER TABLE `paciente_respuesta` DISABLE KEYS */;
/*!40000 ALTER TABLE `paciente_respuesta` ENABLE KEYS */;
UNLOCK TABLES;

--
-- Table structure for table `pregunta`
--

DROP TABLE IF EXISTS `pregunta`;
/*!40101 SET @saved_cs_client     = @@character_set_client */;
/*!40101 SET character_set_client = utf8 */;
CREATE TABLE `pregunta` (
  `IDPregunta` int(11) NOT NULL AUTO_INCREMENT,
  `DescripcionPregunta` varchar(200) NOT NULL,
  `IDCuestionario` int(11) DEFAULT NULL,
  `NumPregunta` int(11) NOT NULL,
  PRIMARY KEY (`IDPregunta`),
  KEY `IDCuestionario` (`IDCuestionario`),
  CONSTRAINT `pregunta_ibfk_1` FOREIGN KEY (`IDCuestionario`) REFERENCES `cuestionario` (`IDCuestionario`) ON DELETE SET NULL ON UPDATE SET NULL
) ENGINE=InnoDB AUTO_INCREMENT=177 DEFAULT CHARSET=utf8;
/*!40101 SET character_set_client = @saved_cs_client */;

--
-- Dumping data for table `pregunta`
--

LOCK TABLES `pregunta` WRITE;
/*!40000 ALTER TABLE `pregunta` DISABLE KEYS */;
INSERT INTO `pregunta` VALUES (1,'¿Siente vagos temores que no puede explicar?',1,1),(2,'¿Se encuentra a menudo angustiado y ansioso aunque incapaz de dar en el blanco con los problemas?',1,2),(3,'¿Se levanta con sentimientos de aprehensión, o con presentimientos, imaginando que algo malo vaya a pasar aunque no puede saber qué?',1,3),(4,'¿Tiene temores específicos que puede identificar y que le gustaría superar?',1,4),(5,'¿Es usted tímido y asustadizo en determinadas circunstancias?',1,5),(6,'Cuando enfrenta situaciones o cosas que le asustan ¿Se pone nervioso o demasiado tenso como para actuar?',1,6),(7,'¿Tiene miedo de perder el control de su cuerpo o de su mente?',1,7),(8,'¿Es usted impulsivo, o le cuesta controlar el impulso de cosas que sabe están erradas o equivocadas?',1,8),(9,'¿Tiene miedo de perder tanto el control que pudiera herirse usted mismo o a otros?',1,9),(10,'¿Se preocupa mucho por la salud y seguridad de sus amigos y familiares?',1,10),(11,'¿Teme que algo le pudiera pasar a aquellos que lo rodean?',1,11),(12,'¿Le causa una angustia considerable su preocupación y sobreprotección con respecto a los demás?',1,12),(13,'¿Sufre de algún tenor exagerado?',1,13),(14,'¿Tiene tendencia al Pánico y/o a la histeria?',1,14),(15,'¿Padece de pesadillas?',1,15),(16,'¿Carece de confianza en sus habilidades para juzgar sus propios casos y tomar decisiones?',1,16),(17,'¿Se pone a pedir el consejo de otros aun cuando sabe lo que quiere?',1,17),(18,'¿Se encuentra con frecuencia confundido por las alternativas después de escuchar consejo de los otros, cambiando constantemente de dirección de acuerdo a la última recomendación?',1,18),(19,'¿Sufre de indecisión, inseguridad o dudas?',1,19),(20,'¿Tiene dificultades para elegir entre una y otra cosa?',1,20),(21,'¿Experimenta extremas fluctuaciones de humor, o tiene dificultades en mantener el equilibrio?',1,21),(22,'¿Está insatisfecho con el rol que le toco en la vida, y siente que la misma le pasa de largo por el lado?',1,22),(23,'¿Ha probado varios caminos para su vida pero ninguno parece traerle satisfacciones?',1,23),(24,'¿Le gustaría encontrar un nuevo estilo de vida, carrera, o modificar sus antiguas condiciones, pero tiene dificultad en decidir que debería hacer?',1,24),(25,'¿Carece de Confianza?',1,25),(26,'¿Deja de hacer cosas por temor al fracaso?',1,26),(27,'¿Se siente inferior y piensa que los demás están más calificados y son más capaces que usted?',1,27),(28,'¿Se siente cansado y sin querer salir de la cama por las mañanas?',1,28),(29,'¿Siente que alguna parte suya necesitaría ser reforzada antes de salir a enfrentar el día?',1,29),(30,'¿Encuentra que unas vez que ha empezado sus actividades diarias su cansancio desaparece y puede completar su tarea sin problemas?',1,30),(31,'¿Se siente ausente o su atención se desvía fácilmente, perturbando su concentración?',1,31),(32,'¿Siente poco interés por sus circunstancias actuales, soñando de día o deseando estar en otra parte?',1,32),(33,'¿Se sorprende con frecuencia dormitando en cualquier lugar que esté?',1,33),(34,'¿Se siente atrapado entre vivir el presente y revivir las memorias del pasado?',1,34),(35,'¿Hay cosas que le gustaría haber hecho con su vida pero nunca tuvo la oportunidad de hacer?',1,35),(36,'¿Se sorprende rememorando los días dorados, deseando poder vivir nuevamente su vida?',1,36),(37,'¿Se siente indiferente y apático con respecto a su vida?',1,37),(38,'¿Está resignado a sus circunstancias habituales, y por lo tanto hace muy poco esfuerzo para mejorar las cosas o hallar satisfacciones?',1,38),(39,'¿Siente que ya ha renunciado y no le importa que suceda una cosa u otra?',1,39),(40,' ¿Le asaltan pensamientos indeseables e insistentes?',1,40),(41,'¿Tiene preocupaciones o discusiones mentales que no dejan de girar alrededor de su mente?',1,41),(42,'¿Le cuesta dormir debido a discusiones mentales o preocupaciones?',1,42),(43,'¿Piensa que usted no aprende de las experiencias del pasado, repitiendo los mismos errores o patrones de comportamiento?',1,43),(44,'¿Debe volver sobre las cosas ya realizadas debido a su falta de observación?',1,44),(45,'¿Hay alguna situación o condición recurrente en su vida que le gustaría superar?',1,45),(46,'¿Esta atravesando (o lo ha hecho recientemente) por una prueba personal que lo deja agotado físicas y mentalmente?',1,46),(47,'¿Se cansa fácilmente quedando sin reservas de energía para completar sus tareas o disfrutar el día?',1,47),(48,'¿Siente su fuerza y su vitalidad minadas, dejándolo exhausto hasta el menor esfuerzo?',1,48),(49,'¿Los demás lo encuentran lejano, soberbio y a veces condescendiente?',1,49),(50,'¿Se reserva para si mismo, deseando no ser interferido ni interferir en los asuntos de los demás?',1,50),(51,'¿Se apoya solo en usted y prefiere pasar su tiempo a solas?',1,51),(52,'¿Pierde a menudo la paciencia, poniéndose tenso e irritable con la gente y las cosas que se mueven demasiado lentas para usted?',1,52),(53,'¿Hace las cosas apurado, corriendo de una situación a la otra?',1,53),(54,'¿Necesita trabajar solo porque siente que los demás no le pueden seguir el ritmo?',1,54),(55,'¿Siente que los demás evitan su conversación, porque usted tiende siempre a hablar demasiado?',1,55),(56,'¿Le disgusta estar solo, y busca la compañía de cualquiera que este dispuesto a escuchar sus problemas?',1,56),(57,'¿Siente que necesita llevar las conversaciones hacia sus intereses o problemas, y es reacio a interrumpirlas aún cuando su interlocutor tenga que irse?',1,57),(58,'Cuando esta preocupado o dolorido ¿Tiende a esconderlo de los otros, minimizando aún más las apremiantes circunstancias?',1,58),(59,'¿Se desvive por evitar cargar a los otros con sus problemas, cediendo a los deseos de los demás con tal de evitar una discusión o peleas?',1,59),(60,'En Tiempos de problemas ¿Se sorprende tomando alcohol o usando estimulantes u otras drogas que le ayudan a mantener una alegre disposición?',1,60),(61,'¿Es usted fácilmente dominado a causa de su afán por ayudar a los demás?',1,61),(62,'¿Le es difícil decir que no cuando le piden ayuda, conviniéndose en un sirviente en lugar de un amigo dispuesto?',1,62),(63,'¿Posterga sus propias necesidades porque esta demasiado ocupado cuidando las necesidades de los demás?',1,63),(64,'¿Está involucrado en una relación o situación de la cual le gustaría liberarse, pero esto le resulta imposible?',1,64),(65,'¿Se encuentra constantemente en estado de transición o de cambio?',1,65),(66,'En medio de este cambio ¿Halla que tiene dificultades en cortar los nexos que lo atan al pasado o comenzar nuevos caminos?',1,66),(67,'¿Sospecha y desconfía de los motivos e intenciones de los demás?',1,67),(68,'¿La gente lo encuentra rencoroso, envidioso, celoso y vengativo?',1,68),(69,'¿Se encuentra a usted mismo carente de compasión o simpatía hacia los demás?',1,69),(70,'¿Se siente contento con sus éxitos sólo muy rara vez, pensando siempre que lo podría hacer o haber hecho mejor?',1,70),(71,'¿Se culpa por los errores de los otros, sintiendo que estas deficiencias son de alguna manera su culpa o responsabilidad?',1,71),(72,'¿Es usted duro consigo mismo cuando fracasa en vivir de acuerdo a las expectativas que se señalo a sí mismo?',1,72),(73,'¿Tiende a extender excesivamente sus cometidos?',1,73),(74,'¿Se encuentra agobiado por su trabajo, y a pesar de ser capaz siente que ha tomado más trabajo del que puede hacer?',1,74),(75,'¿Se desalienta cuando tiene que afrontar y enfrentarse con la magnitud de sus responsabilidades?',1,75),(76,'¿Ha habido traumas pasados o shocks en su vida que no ha podido superar completamente?',1,76),(77,'¿Siente que una operación o por la que pasó o un accidente es responsable de su condición presente?',1,77),(78,'¿Ha sufrido recientemente o en el pasado una perdida de la que no se ha repuesto completamente?',1,78),(79,'¿Siente que ha alcanzado los límites de su existencia y que no queda nada excepto desgracias por delante?',1,79),(80,'¿Sufre de angustia mental y profunda desesperación?',1,80),(81,'¿Siente que el peso de su vida es mayor que el que puede soportar?',1,81),(82,'¿Ha perdido la esperanza de recobrarse o de ser ayudado a superar una enfermedad o dificultad?',1,82),(83,'¿Siente que es inútil buscar ayuda adicional para sus problemas?',1,83),(84,'¿Ha renunciado a la idea de que las cosas cambiarán para mejor en alguna circunstancia o situación de su vida?',1,84),(85,'¿Alguna vez se ha vuelto hosco y depresivo sin motivo aparente?',1,85),(86,'¿Esta depresión lo envuelve como una nube oscura, escondiendo lo alegre de su vida?',1,86),(87,'¿Encuentra que ésta hosquedad y depresión sin motivo aparente, desaparece tan repentinamente como viene?',1,87),(88,'¿Se desilusiona fácilmente cuando las cosas no salen de acuerdo con lo esperado?',1,88),(89,'Cuando emprende el cumplimiento de una tarea ¿Se vuelve extremadamente sensible a pequeñas demoras u obstáculo que le puedan llevar a la duda, y a veces a la depresión?',1,89),(90,'¿Es duro para usted empezar de nuevo una vez que ha encontrado dificultades?',1,90),(91,'¿Es usted del tipo de los que lucha incansablemente a pesar de las oposiciones y demoras?',1,91),(92,'¿Puede siempre contar con terminar lo que se propone hacer, sin importar el desafío que se trate?',1,92),(93,'¿Tiende a meterse en sus proyectos descuidando tanto sus propias necesidades como las de la gente que lo rodea?',1,93),(94,'Sin ninguna culpa de su parte ¿Siente que la vida ha sido injusta con usted?',1,94),(95,'¿Se ha vuelto resentido y amargo a aquellos que han sido mezquinos con usted?',1,95),(96,'A pesar de todo lo que a hecho, ¿siente que sus mejores esfuerzos no han sido justamente recompensados, mientras otros no lo merecen, se han llevado todos los laureles?',1,96),(97,'¿se siente sucio o avergonzado sobre un acto que no debería haber cometido, sobre algo o alguien que lo ha pasado a llevar en su personalidad?',1,97),(98,'¿Se preocupa por pequeños problemas físicos tales como granos, pequeños lunares, manchas o erupciones en la piel, desatendiendo al mismo tiempo condiciones más serias?',1,98),(99,'¿Siente que hay algo malo, o algunos casos que le gustaría cambiar en su apariencia física?',1,99),(100,'¿Es compulsivo con respecto a la limpieza, llevando esto a veces al extremo?',1,100),(101,'¿Tiene miedo de contaminarse o piensa que ya ha ocurrido, y que necesita ser purificado?',1,101),(102,'¿Es posesivo con aquellos que le rodean y siente que sabe lo que es mejor para ellos, a menudo dirigiéndolos y corrigiendo aún los más pequeños detalles de sus vidas?',1,102),(103,'¿Siente que no es apreciado por aquellos de los que usted se preocupa?',1,103),(104,'¿Se encuentra necesitado de la atención y de la devoción de aquellos que ama, sintiendo que es su deber permanecer en estrecho contacto con usted?',1,104),(105,'¿Busca aquello que puede encontrar mal o errado cuando se fija en personas o situaciones?',1,105),(106,'¿Le molestan los pequeños hábitos y costumbres de los demás?',1,106),(107,'¿Es usted crítico e intolerante con aquellos que no se adaptan a sus normas y expectativas?',1,107),(108,'¿Tiene firmes opiniones de las cuales intenta convencer a los demás que son correctas?',1,108),(109,'¿Se irrita fácilmente por injusticias, defendiendo y luchando por principios en los cuales cree?',1,109),(110,'¿Es usted muy nervioso, a veces tenso y demasiado entusiasta, siempre enseñando, filosofando?',1,110),(111,'¿Siente que tiene una misión en la vida que cumplir, o con la cual vivir acorde?',1,111),(112,'¿Es estricto en su adherencia a una disciplina social o religiosa, o en una forma de vida en particular?',1,112),(113,'¿Siente que es importante convenirse en un ejemplo, viviendo de acuerdo con un ideal que los demás puedan seguir?',1,113),(114,'¿Tiende a hacerse cargo de las situaciones y circunstancias en las que se ve envuelto?',1,114),(115,'¿Es fuertemente determinado y espera completa obediencia (sin cuestionamiento) de aquellos que lo rodean?',1,115),(116,'¿Se considera un líder nato?',1,116),(117,'¿Siente vagos temores que no puede explicar?',2,1),(118,'¿Se encuentra a menudo angustiado y ansioso aunque incapaz de dar en el clavo con el problema?',2,2),(119,'¿Se levanta con sentimientos de aprehensión, o con presentimientos, imaginando que algo malo puede pasar aunque no puede saber qué?',2,3),(120,'¿Tiene temores o miedos específicos, concretos, que puede identificar y le gustaría superar?',2,4),(121,'¿Es tímido y asustadizo en determinadas circunstancias?',2,5),(122,'¿Cuando enfrenta situaciones o cosas que lo asustan se pone nervioso, o demasiado tenso como para actuar?',2,6),(123,'¿Tiene miedo a perder el control de su cuerpo o mente?',2,7),(124,'¿Es usted impulsivo, o le cuesta controlar el impulso de hacer cosas que sabe que están erradas?',2,8),(125,'¿Tiene miedo de perder tanto el control que pudiera herirse a usted mismo o a otros?',2,9),(126,'¿Se preocupa mucho por la salud y seguridad de sus amigos y familiares?',2,10),(127,'¿Teme que algo pueda pasar a aquellos que lo rodean?',2,11),(128,'¿Le causa una angustia considerable su preocupación y sobreprotección con respecto a los demás?',2,12),(129,'¿Sufre de un terror exagerado?',2,13),(130,'¿Tiene tendencia al pánico y/o a la histeria?',2,14),(131,'¿Padece pesadillas?',2,15),(132,'Nombre completo',3,1),(133,'Fecha',3,2),(134,'Dirección',3,3),(135,'Email',3,4),(136,'Sexo',3,5),(137,'Estado Civil',3,6),(138,'Lugar de Nacimiento',3,7),(139,'Edades',3,8),(140,'Otras actividades, hobies o intereses:',3,9),(141,'Referido por:',3,10),(142,'Teléfono',3,11),(143,'Fecha de Nacimiento',3,12),(144,'Edad Actual',3,13),(145,'Número de Hijos',3,14),(146,'Vive solo o con otras personas:',3,15),(147,'¿Usted ha utilizado esencias florales antes? ¿Cómo te enteraste de ellos? Breve resumen de su experiencia:',3,16),(148,'Cuestiones que me gustaría tratar con las esencias florales: Marque todas las que pueden aplicar',3,17),(149,'Por favor comente sobre las áreas mencionadas arriba',3,18),(150,'Diagnóstico oficial (Si hay uno)',3,19),(151,'A qué edad se hizo el diagnóstico por primera vez',3,20),(152,'Verifique en su caso: actualmente y en el pasado he vivido.',3,21),(153,'En el pasado usted ha utilizado drogas y alcohol para aliviar y si es así, en qué medida',3,22),(154,'Breve descripción de su estado de salud general: física [escriba cualquier historia clínica significativa, dieta, ejercicio, nivel de energía, etc.',3,23),(155,'Emocional-[sentimientos acerca de sí mismo o a otros, los problemas actuales o las áreas de conflictos)',3,24),(156,'Mental-[forma de ver la vida, creencias y actitudes]',3,25),(157,'Espiritual-[ última sensación de propósito, los valores morales o religiosos]',3,26),(158,'¿Cómo te sientes acerca de tu trabajo y otros intereses vocacionales?',3,27),(159,'¿Cómo se siente acerca de tus relaciones, especialmente las mas importantes?',3,28),(160,'Explique brevemente sus antecedentes familiares: [orígenes, traumas, pérdidas, divorcios o conductas adictivas',3,29),(161,'¿Traumas: En tu pasado, o eres consciente de que nada traumático pudo haber ocurrido en tu persona?',3,30),(162,'a] En el vientre materno (antes de nacer)',3,31),(163,'b] Proceso al nacer.',3,32),(164,'¿Lactancia materna ',3,33),(165,'Adopción/ hogar de guarda? De ser así, explica lo que más recuerdes y a qué edad pasó este evento.',3,34),(166,'Los primeros 3 años, ¿fue criado en una guardería o con niñera?',3,35),(167,'¿Disponibilidad física/emocional del padre al nacer usted en sus primeros años?',3,36),(168,'¿Disponibilidad física/emocional de la madre al nacer usted en sus primeros años?',3,37),(169,'¿Se orinaba en la cama de niño/a?',3,38),(170,'Cuando era nino/a y recibio vacunas, ¿tuvo alguna reaccion despues de que le aplicaran alguna?',3,39),(171,'¿Alergias, en el pasado o en el presente?',3,40),(172,'Problemas de la piel crónica en el pasado o ahora:',3,41),(173,'¿Problemas para dormir en el pasado o ahora?',3,42),(174,'Accidentes, muertes y pérdidas de miembros de la familia',3,43),(175,'¿Cualquier otro tipo de terapias o experiencias de crecimiento significativo en la actualidad?',3,44),(176,'¿Está tomando algún medicamento, o estás en cualquier programa de dieta en especial?',3,45);
/*!40000 ALTER TABLE `pregunta` ENABLE KEYS */;
UNLOCK TABLES;

--
-- Table structure for table `receta`
--

DROP TABLE IF EXISTS `receta`;
/*!40101 SET @saved_cs_client     = @@character_set_client */;
/*!40101 SET character_set_client = utf8 */;
CREATE TABLE `receta` (
  `IDReceta` int(11) NOT NULL AUTO_INCREMENT,
  `Fecha_de_vencimiento` date NOT NULL,
  `IDTerapeuta` int(11) DEFAULT NULL,
  `IDPaciente` int(11) DEFAULT NULL,
  PRIMARY KEY (`IDReceta`),
  KEY `IDTerapeuta` (`IDTerapeuta`),
  KEY `IDPaciente` (`IDPaciente`),
  CONSTRAINT `receta_ibfk_1` FOREIGN KEY (`IDTerapeuta`) REFERENCES `terapeuta` (`IDTerapeuta`) ON DELETE SET NULL ON UPDATE SET NULL,
  CONSTRAINT `receta_ibfk_2` FOREIGN KEY (`IDPaciente`) REFERENCES `paciente` (`IDPaciente`) ON DELETE SET NULL ON UPDATE SET NULL
) ENGINE=InnoDB DEFAULT CHARSET=utf8;
/*!40101 SET character_set_client = @saved_cs_client */;

--
-- Dumping data for table `receta`
--

LOCK TABLES `receta` WRITE;
/*!40000 ALTER TABLE `receta` DISABLE KEYS */;
/*!40000 ALTER TABLE `receta` ENABLE KEYS */;
UNLOCK TABLES;

--
-- Table structure for table `respuesta`
--

DROP TABLE IF EXISTS `respuesta`;
/*!40101 SET @saved_cs_client     = @@character_set_client */;
/*!40101 SET character_set_client = utf8 */;
CREATE TABLE `respuesta` (
  `IDRespuesta` int(11) NOT NULL AUTO_INCREMENT,
  `DescripcionRespuesta` varchar(300) NOT NULL,
  `IDPregunta` int(11) DEFAULT NULL,
  PRIMARY KEY (`IDRespuesta`),
  KEY `IDPregunta` (`IDPregunta`),
  CONSTRAINT `respuesta_ibfk_1` FOREIGN KEY (`IDPregunta`) REFERENCES `pregunta` (`IDPregunta`) ON DELETE SET NULL ON UPDATE SET NULL
) ENGINE=InnoDB AUTO_INCREMENT=1011 DEFAULT CHARSET=utf8;
/*!40101 SET character_set_client = @saved_cs_client */;

--
-- Dumping data for table `respuesta`
--

LOCK TABLES `respuesta` WRITE;
/*!40000 ALTER TABLE `respuesta` DISABLE KEYS */;
INSERT INTO `respuesta` VALUES (506,'Si',1),(507,'No',1),(508,'A veces',1),(509,'Si',2),(510,'No',2),(511,'A veces',2),(512,'Si',3),(513,'No',3),(514,'A veces',3),(515,'Si',4),(516,'No',4),(517,'A veces',4),(518,'Si',5),(519,'No',5),(520,'A veces',5),(521,'Si',6),(522,'No',6),(523,'A veces',6),(524,'Si',7),(525,'No',7),(526,'A veces',7),(527,'Si',8),(528,'No',8),(529,'A veces',8),(530,'Si',9),(531,'No',9),(532,'A veces',9),(533,'Si',10),(534,'No',10),(535,'A veces',10),(536,'Si',11),(537,'No',11),(538,'A veces',11),(539,'Si',12),(540,'No',12),(541,'A veces',12),(542,'Si',13),(543,'No',13),(544,'A veces',13),(545,'Si',14),(546,'No',14),(547,'A veces',14),(548,'Si',15),(549,'No',15),(550,'A veces',15),(551,'Si',16),(552,'No',16),(553,'A veces',16),(554,'Si',17),(555,'No',17),(556,'A veces',17),(557,'Si',18),(558,'No',18),(559,'A veces',18),(560,'Si',19),(561,'No',19),(562,'A veces',19),(563,'Si',20),(564,'No',20),(565,'A veces',20),(566,'No',21),(567,'No',21),(568,'A veces',21),(569,'Si',22),(570,'No',22),(571,'A veces',21),(572,'Si',23),(573,'No',23),(574,'A veces',23),(575,'Si',24),(576,'No',24),(577,'A veces',24),(578,'Si',25),(579,'No',25),(580,'A veces',25),(581,'Si',26),(582,'No',26),(583,'A veces',26),(584,'Si',27),(585,'No',27),(586,'A veces',27),(587,'Si',28),(588,'No',28),(589,'A veces',28),(590,'Si',29),(591,'No',29),(592,'A veces',29),(593,'Si',30),(594,'No',30),(595,'A veces',30),(596,'Si',31),(597,'No',31),(598,'A veces',31),(599,'Si',32),(600,'No',32),(601,'A veces',32),(602,'Si',33),(603,'No',33),(604,'A veces',33),(605,'Si',34),(606,'No',34),(607,'A veces',34),(608,'Si',35),(609,'No',35),(610,'A veces',35),(611,'Si',36),(612,'No',36),(613,'A veces',36),(614,'Si',37),(615,'No',37),(616,'A veces',37),(617,'Si',38),(618,'No',38),(619,'A veces',38),(620,'Si',39),(621,'No',39),(622,'A veces',39),(623,'Si',40),(624,'No',40),(625,'A veces',40),(626,'No',41),(627,'No',41),(628,'A veces',41),(629,'Si',42),(630,'No',42),(631,'A veces',42),(632,'Si',43),(633,'No',43),(634,'A veces',43),(635,'Si',44),(636,'No',44),(637,'A veces',44),(638,'Si',45),(639,'No',45),(640,'A veces',45),(641,'Si',46),(642,'No',46),(643,'A veces',46),(644,'Si',47),(645,'No',47),(646,'A veces',47),(647,'Si',48),(648,'No',48),(649,'A veces',48),(650,'Si',49),(651,'No',49),(652,'A veces',49),(653,'Si',50),(654,'No',50),(655,'A veces',50),(656,'Si',51),(657,'No',51),(658,'A veces',51),(659,'Si',52),(660,'No',52),(661,'A veces',52),(662,'Si',53),(663,'No',53),(664,'A veces',53),(665,'Si',54),(666,'No',54),(667,'A veces',54),(668,'Si',55),(669,'No',55),(670,'A veces',55),(671,'Si',56),(672,'No',56),(673,'A veces',56),(674,'Si',57),(675,'No',57),(676,'A veces',57),(677,'Si',58),(678,'No',58),(679,'A veces',58),(680,'Si',59),(681,'No',59),(682,'A veces',59),(683,'Si',60),(684,'No',60),(685,'A veces',60),(686,'No',61),(687,'No',61),(688,'A veces',61),(689,'Si',62),(690,'No',62),(691,'A veces',62),(692,'Si',63),(693,'No',63),(694,'A veces',63),(695,'Si',64),(696,'No',64),(697,'A veces',64),(698,'Si',65),(699,'No',65),(700,'A veces',65),(701,'Si',66),(702,'No',66),(703,'A veces',66),(704,'Si',67),(705,'No',67),(706,'A veces',67),(707,'Si',68),(708,'No',68),(709,'A veces',68),(710,'Si',69),(711,'No',69),(712,'A veces',69),(713,'Si',70),(714,'No',70),(715,'A veces',70),(716,'Si',71),(717,'No',71),(718,'A veces',71),(719,'Si',72),(720,'No',72),(721,'A veces',72),(722,'Si',73),(723,'No',73),(724,'A veces',73),(725,'Si',74),(726,'No',74),(727,'A veces',74),(728,'Si',75),(729,'No',75),(730,'A veces',75),(731,'Si',76),(732,'No',76),(733,'A veces',76),(734,'Si',77),(735,'No',77),(736,'A veces',77),(737,'Si',78),(738,'No',78),(739,'A veces',78),(740,'Si',79),(741,'No',79),(742,'A veces',79),(743,'Si',80),(744,'No',80),(745,'A veces',80),(746,'Si',81),(747,'No',81),(748,'A veces',81),(749,'Si',82),(750,'No',82),(751,'A veces',82),(752,'Si',83),(753,'No',83),(754,'A veces',83),(755,'Si',84),(756,'No',84),(757,'A veces',84),(758,'Si',85),(759,'No',85),(760,'A veces',85),(761,'Si',86),(762,'No',86),(763,'A veces',86),(764,'Si',87),(765,'No',87),(766,'A veces',87),(767,'Si',88),(768,'No',88),(769,'A veces',88),(770,'Si',89),(771,'No',89),(772,'A veces',89),(773,'Si',90),(774,'No',90),(775,'A veces',90),(776,'No',91),(777,'No',91),(778,'A veces',91),(779,'Si',92),(780,'No',92),(781,'A veces',92),(782,'Si',93),(783,'No',93),(784,'A veces',93),(785,'Si',94),(786,'No',94),(787,'A veces',94),(788,'Si',95),(789,'No',95),(790,'A veces',95),(791,'Si',96),(792,'No',96),(793,'A veces',96),(794,'Si',97),(795,'No',97),(796,'A veces',97),(797,'Si',98),(798,'No',98),(799,'A veces',98),(800,'Si',99),(801,'No',99),(802,'A veces',99),(803,'Si',100),(804,'No',100),(805,'A veces',100),(806,'Si',101),(807,'No',101),(808,'A veces',101),(809,'Si',102),(810,'No',102),(811,'A veces',102),(812,'Si',103),(813,'No',103),(814,'A veces',103),(815,'Si',104),(816,'No',104),(817,'A veces',104),(818,'Si',105),(819,'No',105),(820,'A veces',105),(821,'Si',106),(822,'No',106),(823,'A veces',106),(824,'Si',107),(825,'No',107),(826,'A veces',107),(827,'Si',108),(828,'No',108),(829,'A veces',108),(830,'Si',109),(831,'No',109),(832,'A veces',109),(833,'Si',110),(834,'No',110),(835,'A veces',110),(836,'Si',111),(837,'No',111),(838,'A veces',111),(839,'Si',112),(840,'No',112),(841,'A veces',112),(842,'Si',113),(843,'No',113),(844,'A veces',113),(845,'Si',114),(846,'No',114),(847,'A veces',114),(848,'Si',115),(849,'No',115),(850,'A veces',115),(851,'Si',116),(852,'No',116),(853,'A veces',116),(854,'Si',117),(855,'No',117),(856,'Si',118),(857,'No',118),(858,'Si',119),(859,'No',119),(860,'Si',120),(861,'No',120),(862,'Si',121),(863,'No',121),(864,'Si',122),(865,'No',122),(866,'Si',123),(867,'No',123),(868,'Si',124),(869,'No',124),(870,'Si',125),(871,'No',125),(872,'Si',126),(873,'No',126),(874,'Si',127),(875,'No',127),(876,'Si',128),(877,'No',128),(878,'Si',129),(879,'No',129),(880,'Si',130),(881,'No',130),(882,'Si',131),(883,'No',131),(884,'Pregunta Abierta',132),(885,'Pregunta Abierta',133),(886,'Pregunta Abierta',134),(887,'Pregunta Abierta',135),(888,'Masculino',136),(889,'Femenino',136),(890,'Soltero',137),(891,'Casado',137),(892,'Divorciado',137),(893,'Viudo',137),(894,'Pregunta Abierta',138),(895,'Pregunta Abierta',139),(896,'Pregunta Abierta',140),(897,'Pregunta Abierta',141),(898,'Pregunta Abierta',142),(899,'Pregunta Abierta',143),(900,'Pregunta Abierta',144),(901,'0',145),(902,'1',145),(903,'2',145),(904,'3 o más',145),(905,'Solo',146),(906,'Otras personas',146),(907,'Nunca las he utilizado',147),(908,'Las he utilizado y tuve una experiencia muy buena',147),(909,'Las he utilizado y tuve una experiencia buena',147),(910,'Las he utilizado y tuve una experiencia regular',147),(911,'Las he utilizado y tuve una experiencia mala',147),(912,'Ayuda en las relaciones con los demás',148),(913,'Claridad en mi futuro profesional/persona',148),(914,'Mejorar la autoestima y sentimientos hacia mi persona',148),(915,'Mejorar la creatividad y expresarme mejor',148),(916,'Manejo del estrés y los altibajos de la vida ',148),(917,'Para cambios grandes y largos en mi vida',148),(918,'Crecimiento espiritual',148),(919,'Para la sanacion física',148),(920,'Tener una mejor actitud hacia el futuro en mi vida',148),(921,'Para una crisis de emergencia',148),(922,'Pregunta Abierta',149),(923,'Pregunta Abierta',150),(924,'Pregunta Abierta',151),(925,'Sensación de no pertenecer aquí. Sentirse fuera de base',152),(926,'Soledad',152),(927,'Apatía/ desinterés',152),(928,'Miedos',152),(929,'Falta de confianza',152),(930,'Estrés',152),(931,'Mal humor',152),(932,'Cambios de humor',152),(933,'Obsesiones',152),(934,'Distracción',152),(935,'Baja autoestima',152),(936,'Rechazo',152),(937,'Depresión',152),(938,'Preocupación',152),(939,'Auto sabotaje',152),(940,'Impaciencia',152),(941,'Resentimientos',152),(942,'Impulsivo',152),(943,'Perfeccionista',152),(944,'Dificultad de enfoque',152),(945,'Sintiéndose torpe, mala imagen corporal',152),(946,'Soñando despierto',152),(947,'Tristeza/Perdida',152),(948,'Culpa',152),(949,'Timidez',152),(950,'Enojo',152),(951,'Inflexible/rígido',152),(952,'Enojo espontaneó',152),(953,'Difícil de perdonar',152),(954,'Hiperactivo',152),(955,'Ansiedad ',152),(956,'Vulnerable ',152),(957,'Inseguridad ',152),(958,'Irritabilidad ',152),(959,'Dificultad para aprender',152),(960,'Sobre cargado',152),(961,'Desorganizado ',152),(962,'Falta de descanso',152),(963,'Nunca he usado',153),(964,'Si, una vez',153),(965,'Si, más de una vez',153),(966,'Si, constantemente',153),(967,'Pregunta Abierta',154),(968,'Pregunta Abierta',155),(969,'Pregunta Abierta',156),(970,'Pregunta Abierta',157),(971,'Pregunta Abierta',158),(972,'Pregunta Abierta',159),(973,'Pregunta Abierta',160),(974,'Pregunta Abierta',161),(975,'Discordia entre los padres',162),(976,'Separación',162),(977,'Perdidas',162),(978,'Ninguno',162),(979,'Parto natural',163),(980,'Fórceps',163),(981,'Presentación de pie',163),(982,'Cesárea',163),(983,'Circumcisición (hombres)',163),(984,'Si',164),(985,'No',164),(986,'Pregunta Abierta',165),(987,'Si, niñera',166),(988,'Si, guardería',166),(989,'No',166),(990,'Bueno',167),(991,'Poco',167),(992,'Ausente',167),(993,'Bueno',168),(994,'Poco',168),(995,'Ausente',168),(996,'Si',169),(997,'No',169),(998,'Si',170),(999,'No',170),(1000,'Pregunta Abierta',171),(1001,'Pregunta Abierta',172),(1002,'Siempre',173),(1003,'Solo en el pasado',173),(1004,'Solo en el presente',173),(1005,'Nunca',173),(1006,'He vivido varias experiencias parecidas',174),(1007,'He vivido algunas experiencias parecidas',174),(1008,'No he vivido experiencias parecidas',174),(1009,'Pregunta Abierta',175),(1010,'Pregunta Abierta',176);
/*!40000 ALTER TABLE `respuesta` ENABLE KEYS */;
UNLOCK TABLES;

--
-- Table structure for table `terapeuta`
--

DROP TABLE IF EXISTS `terapeuta`;
/*!40101 SET @saved_cs_client     = @@character_set_client */;
/*!40101 SET character_set_client = utf8 */;
CREATE TABLE `terapeuta` (
  `IDTerapeuta` int(11) NOT NULL AUTO_INCREMENT,
  `NombreTerapeuta` varchar(60) NOT NULL,
  PRIMARY KEY (`IDTerapeuta`)
) ENGINE=InnoDB DEFAULT CHARSET=utf8;
/*!40101 SET character_set_client = @saved_cs_client */;

--
-- Dumping data for table `terapeuta`
--

LOCK TABLES `terapeuta` WRITE;
/*!40000 ALTER TABLE `terapeuta` DISABLE KEYS */;
/*!40000 ALTER TABLE `terapeuta` ENABLE KEYS */;
UNLOCK TABLES;
/*!40103 SET TIME_ZONE=@OLD_TIME_ZONE */;

/*!40101 SET SQL_MODE=@OLD_SQL_MODE */;
/*!40014 SET FOREIGN_KEY_CHECKS=@OLD_FOREIGN_KEY_CHECKS */;
/*!40014 SET UNIQUE_CHECKS=@OLD_UNIQUE_CHECKS */;
/*!40101 SET CHARACTER_SET_CLIENT=@OLD_CHARACTER_SET_CLIENT */;
/*!40101 SET CHARACTER_SET_RESULTS=@OLD_CHARACTER_SET_RESULTS */;
/*!40101 SET COLLATION_CONNECTION=@OLD_COLLATION_CONNECTION */;
/*!40111 SET SQL_NOTES=@OLD_SQL_NOTES */;

-- Dump completed on 2017-04-22 14:33:44
